<?xml version="1.0" encoding="UTF-8" standalone="yes"?>
<addon id="plugin.video.hrochcinema" name="Hroch Cinema" version="0.1.4" provider-name="HrochGPT">
    <extension point="xbmc.python.pluginsource" library="bootstrap.py" />
    <extension point="xbmc.addon.metadata">
        <summary lang="cs">Hroch Cinema – samovytvářející se doplněk</summary>
        <description lang="cs">Doplněk pro přehrávání filmů z Webshare. Po spuštění vytvoří svůj hlavní skript.</description>
        <platform>all</platform>
    </extension>
</addon>
