<?xml version="1.0" encoding="UTF-8" standalone="yes"?>
<addon id="plugin.video.hrochcinema" name="Hroch Cinema" version="0.1.5" provider-name="HrochGPT">
    <requires>
        <import addon="xbmc.python" version="3.0.0"/>
    </requires>
    <extension point="xbmc.python.pluginsource" library="default.py" />
    <extension point="xbmc.addon.metadata">
        <summary lang="cs">Hroch Cinema – Webshare přehrávač</summary>
        <description lang="cs">Doplněk pro vyhledávání filmů a přehrávání z Webshare s prioritou kvality a výběrem releasů.</description>
        <platform>all</platform>
    </extension>
    <extension point="xbmc.addon.settings" />
</addon>
